{"cameraMode":{"drawMode":0,"name":"Shaded","section":"Shading Mode"},"sceneLighting":true,"audioPlay":false,"sceneViewState":{"m_AlwaysRefresh":false,"showFog":true,"showSkybox":true,"showFlares":true,"showImageEffects":true,"showParticleSystems":true,"showVisualEffectGraphs":true,"m_FxEnabled":true},"in2DMode":false,"pivot":{"x":-0.020287487655878068,"y":2.2096922397613527,"z":-0.5579204559326172},"rotation":{"x":0.22841353714466096,"y":0.25241103768348696,"z":-0.06143183261156082,"w":0.9381920695304871},"size":1.3054484128952027,"orthographic":false}