{"cameraMode":{"drawMode":0,"name":"Shaded","section":"Shading Mode"},"sceneLighting":true,"audioPlay":false,"sceneViewState":{"m_AlwaysRefresh":false,"showFog":true,"showSkybox":true,"showFlares":true,"showImageEffects":true,"showParticleSystems":true,"showVisualEffectGraphs":true,"m_FxEnabled":true},"in2DMode":false,"pivot":{"x":-1.330063819885254,"y":6.033371925354004,"z":81.10433197021485},"rotation":{"x":0.15171101689338685,"y":-0.00837226863950491,"z":0.0010306787444278598,"w":0.9883390665054321},"size":1.2247449159622193,"orthographic":false}